{
	"class_name" : "PinholeCameraParameters",
	"extrinsic" : 
	[
		0.99919684006009324,
		-0.029235755278044052,
		0.02740338349998005,
		0.0,
		0.037716977338999119,
		0.45525209599953559,
		-0.88956335283578269,
		0.0,
		0.013531608711978289,
		0.88988246398125637,
		0.45598914007278069,
		0.0,
		0.3537650097800828,
		-0.88741017863345117,
		2.211472857392073,
		1.0
	],
	"intrinsic" : 
	{
		"height" : 1080,
		"intrinsic_matrix" : 
		[
			935.30743608719399,
			0.0,
			0.0,
			0.0,
			935.30743608719399,
			0.0,
			959.5,
			539.5,
			1.0
		],
		"width" : 1920
	},
	"version_major" : 1,
	"version_minor" : 0
}