{
	"class_name" : "PinholeCameraParameters",
	"extrinsic" : 
	[
		0.5544606947521391,
		0.24104908968836414,
		-0.79653541938534433,
		0.0,
		-0.83151439525287607,
		0.12134182469229091,
		-0.54208852788782502,
		0.0,
		-0.034016884957608767,
		0.96289744933754828,
		0.26771506045985627,
		0.0,
		1.2090591162618967,
		-0.63633054411666945,
		4.5436968614804245,
		1.0
	],
	"intrinsic" : 
	{
		"height" : 1080,
		"intrinsic_matrix" : 
		[
			935.30743608719399,
			0.0,
			0.0,
			0.0,
			935.30743608719399,
			0.0,
			959.5,
			539.5,
			1.0
		],
		"width" : 1920
	},
	"version_major" : 1,
	"version_minor" : 0
}